Workbook

Sheet List1
A1: Datum a čas | B1: kW
A2: ='EDM Profile'!D3+'EDM Profile'!E3 + 15/86400 -> 44562 | B2: ='EDM Profile'!F3 -> 19
A3: ='EDM Profile'!D4+'EDM Profile'!E4 + 15/86400 -> 44562.011 | B3: ='EDM Profile'!F4 -> 17
A4: ='EDM Profile'!D5+'EDM Profile'!E5 + 15/86400 -> 44562.021 | B4: ='EDM Profile'!F5 -> 18
A5: ='EDM Profile'!D6+'EDM Profile'!E6 + 15/86400 -> 44562.031 | B5: ='EDM Profile'!F6 -> 18
A6: ='EDM Profile'!D7+'EDM Profile'!E7 + 15/86400 -> 44562.042 | B6: ='EDM Profile'!F7 -> 20
A7: ='EDM Profile'!D8+'EDM Profile'!E8 + 15/86400 -> 44562.052 | B7: ='EDM Profile'!F8 -> 19
A8: ='EDM Profile'!D9+'EDM Profile'!E9 + 15/86400 -> 44562.063 | B8: ='EDM Profile'!F9 -> 17
A9: ='EDM Profile'!D10+'EDM Profile'!E10 + 15/86400 -> 44562.073 | B9: ='EDM Profile'!F10 -> 20
A10: ='EDM Profile'!D11+'EDM Profile'!E11 + 15/86400 -> 44562.084 | B10: ='EDM Profile'!F11 -> 17
A11: ='EDM Profile'!D12+'EDM Profile'!E12 + 15/86400 -> 44562.094 | B11: ='EDM Profile'!F12 -> 19
A12: ='EDM Profile'!D13+'EDM Profile'!E13 + 15/86400 -> 44562.104 | B12: ='EDM Profile'!F13 -> 17
A13: ='EDM Profile'!D14+'EDM Profile'!E14 + 15/86400 -> 44562.115 | B13: ='EDM Profile'!F14 -> 17
... A35041: ='EDM Profile'!D35042+'EDM Profile'!E35042 + 15/86400 -> 44926.99 | B35041: ='EDM Profile'!F35042 -> 24

Sheet EDM Profile
A1: Data hlavičky profilu | D1: Hodnoty profilu | H1: Status hodnot profilu
A2: Číslo profilu EDM | B2: 000000110001024881 | D2: Od data | E2: Od času | F2: Hodnota profilu | H2: Od data | I2: Od času | J2: Do data | K2: Do času | L2: Status nebo operace | M2: Text | N2: Dlouhý text
A3: Označení profilu | B3: EVCW01 Electricity Calculation 15 Demand kW 0 | D3: 44562 | E3: 0 | F3: 19 | H3: 44562 | I3: 0 | J3: 44578 | K3: 0.55207176 | L3: IU012 | M3: HOPL | N3: Hodnota je platná
A4: Druh profilu | B4: Výpočtový | D4: 44562 | E4: 0.010416667 | F4: 17 | H4: 44578 | I4: 0.55208333 | J4: 44578 | K4: 0.56248843 | L4: IU020 | M4: HOEX | N4: Hodnota byla extrapolována
A5: Typ hodnot profilu | B5: VÝKON | D5: 44562 | E5: 0.020833333 | F5: 18 | H5: 44578 | I5: 0.5625 | J5: 44659 | K5: 0.41665509 | L5: IU012 | M5: HOPL | N5: Hodnota je platná
A6: Časové pásmo | B6: CET | D6: 44562 | E6: 0.03125 | F6: 18 | H6: 44659 | I6: 0.41666667 | J6: 44659 | K6: 0.42707176 | L6: IU020 | M6: HOEX | N6: Hodnota byla extrapolována
A7: Měrná jednotka | B7: kW | D7: 44562 | E7: 0.041666667 | F7: 20 | H7: 44659 | I7: 0.42708333 | J7: 44719 | K7: 0.57290509 | L7: IU012 | M7: HOPL | N7: Hodnota je platná
A8: Identifik.délky intervalu | B8: 15 | D8: 44562 | E8: 0.052083333 | F8: 19 | H8: 44719 | I8: 0.57291667 | J8: 44719 | K8: 0.58332176 | L8: IU020 | M8: HOEX | N8: Hodnota byla extrapolována
A9: Délka intervalu | B9: 15 minut | D9: 44562 | E9: 0.0625 | F9: 17 | H9: 44719 | I9: 0.58333333 | J9: 44747 | K9: 0.30207176 | L9: IU012 | M9: HOPL | N9: Hodnota je platná
A10: Profil je platný od | B10: 44562 | D10: 44562 | E10: 0.072916667 | F10: 20 | H10: 44747 | I10: 0.30208333 | J10: 44747 | K10: 0.34373843 | L10: IU020 | M10: HOEX | N10: Hodnota byla extrapolována
A11: Profil platný do | B11: 2958465 | D11: 44562 | E11: 0.083333333 | F11: 17 | H11: 44747 | I11: 0.34375 | J11: 44820 | K11: 0.28123843 | L11: IU012 | M11: HOPL | N11: Hodnota je platná
A12: Hodn.profilu existují od | B12: 44562 | D12: 44562 | E12: 0.09375 | F12: 19 | H12: 44820 | I12: 0.28125 | J12: 44820 | K12: 0.30207176 | L12: IU020 | M12: HOEX | N12: Hodnota byla extrapolována
A13: Hodnoty profilu exist.od | B13: 45015 | D13: 44562 | E13: 0.10416667 | F13: 17 | H13: 44820 | I13: 0.30208333 | J13: 44852 | K13: 0.61457176 | L13: IU012 | M13: HOPL | N13: Hodnota je platná
D14: 44562 | E14: 0.11458333 | F14: 17 | H14: 44852 | I14: 0.61458333 | J14: 44852 | K14: 0.62498843 | L14: IU020 | M14: HOEX | N14: Hodnota byla extrapolována
D15: 44562 | E15: 0.125 | F15: 18 | H15: 44852 | I15: 0.625 | J15: 44869 | K15: 0.38540509 | L15: IU012 | M15: HOPL | N15: Hodnota je platná
D16: 44562 | E16: 0.13541667 | F16: 17 | H16: 44869 | I16: 0.38541667 | J16: 44869 | K16: 0.39582176 | L16: IU020 | M16: HOEX | N16: Hodnota byla extrapolována
D17: 44562 | E17: 0.14583333 | F17: 18 | H17: 44869 | I17: 0.39583333 | J17: 44874 | K17: 0.32290509 | L17: IU012 | M17: HOPL | N17: Hodnota je platná
D18: 44562 | E18: 0.15625 | F18: 18 | H18: 44874 | I18: 0.32291667 | J18: 44874 | K18: 0.33332176 | L18: IU020 | M18: HOEX | N18: Hodnota byla extrapolována
D19: 44562 | E19: 0.16666667 | F19: 19 | H19: 44874 | I19: 0.33333333 | J19: 44874 | K19: 0.34373843 | L19: IU012 | M19: HOPL | N19: Hodnota je platná
D20: 44562 | E20: 0.17708333 | F20: 18 | H20: 44874 | I20: 0.34375 | J20: 44874 | K20: 0.35415509 | L20: IU020 | M20: HOEX | N20: Hodnota byla extrapolována
D21: 44562 | E21: 0.1875 | F21: 16 | H21: 44874 | I21: 0.35416667 | J21: 44874 | K21: 0.38540509 | L21: IU012 | M21: HOPL | N21: Hodnota je platná
D22: 44562 | E22: 0.19791667 | F22: 20 | H22: 44874 | I22: 0.38541667 | J22: 44874 | K22: 0.39582176 | L22: IU020 | M22: HOEX | N22: Hodnota byla extrapolována
D23: 44562 | E23: 0.20833333 | F23: 17 | H23: 44874 | I23: 0.39583333 | J23: 44874 | K23: 0.41665509 | L23: IU012 | M23: HOPL | N23: Hodnota je platná
D24: 44562 | E24: 0.21875 | F24: 18 | H24: 44874 | I24: 0.41666667 | J24: 44874 | K24: 0.43748843 | L24: IU020 | M24: HOEX | N24: Hodnota byla extrapolována
D25: 44562 | E25: 0.22916667 | F25: 18 | H25: 44874 | I25: 0.4375 | J25: 44879 | K25: 0.55207176 | L25: IU012 | M25: HOPL | N25: Hodnota je platná
... D47: 44562 | E47: 0.45833333 | F47: 0 | H47: 44901 | I47: 0.51041667 | J47: 44926 | K47: 0.99998843 | L47: IU012 | M47: HOPL | N47: Hodnota je platná
D48: 44562 | E48: 0.46875 | F48: 2
D49: 44562 | E49: 0.47916667 | F49: 3
D50: 44562 | E50: 0.48958333 | F50: 7
D51: 44562 | E51: 0.5 | F51: 6
D52: 44562 | E52: 0.51041667 | F52: 5
D53: 44562 | E53: 0.52083333 | F53: 2
D54: 44562 | E54: 0.53125 | F54: 4
D55: 44562 | E55: 0.54166667 | F55: 11
D56: 44562 | E56: 0.55208333 | F56: 7
D57: 44562 | E57: 0.5625 | F57: 10
D58: 44562 | E58: 0.57291667 | F58: 9
D59: 44562 | E59: 0.58333333 | F59: 9
... D35042: 44926 | E35042: 0.98958333 | F35042: 24
